{"cameraMode":{"drawMode":0,"name":"Shaded","section":"Shading Mode"},"sceneLighting":false,"audioPlay":false,"sceneViewState":{"showFog":true,"showMaterialUpdate":false,"showSkybox":true,"showFlares":true,"showImageEffects":true,"showParticleSystems":true},"in2DMode":false,"pivot":{"x":188.80807495117188,"y":301.4474182128906,"z":-223.08106994628907},"rotation":{"x":0.25248226523399355,"y":-0.021772393956780435,"z":0.0056829084642231468,"w":0.9673398733139038},"size":1.8299458026885987,"orthographic":false}