{"cameraMode":{"drawMode":0,"name":"Shaded","section":"Shading Mode"},"sceneLighting":true,"audioPlay":false,"sceneViewState":{"showFog":true,"showMaterialUpdate":false,"showSkybox":true,"showFlares":true,"showImageEffects":true,"showParticleSystems":true},"in2DMode":false,"pivot":{"x":-29.734901428222658,"y":0.6038119792938232,"z":24.984737396240236},"rotation":{"x":0.05648723989725113,"y":0.9115563035011292,"z":-0.13386504352092744,"w":0.3846486508846283},"size":0.7694455981254578,"orthographic":false}